admin,JMeterGen123!
tool_generator_000001,JMeterGen123!
tool_generator_000002,JMeterGen123!
tool_generator_000003,JMeterGen123!
tool_generator_000004,JMeterGen123!
tool_generator_000005,JMeterGen123!
tool_generator_000006,JMeterGen123!
tool_generator_000007,JMeterGen123!
tool_generator_000008,JMeterGen123!
tool_generator_000009,JMeterGen123!
tool_generator_000010,JMeterGen123!
tool_generator_000011,JMeterGen123!
tool_generator_000012,JMeterGen123!
tool_generator_000013,JMeterGen123!
tool_generator_000014,JMeterGen123!
tool_generator_000015,JMeterGen123!
tool_generator_000016,JMeterGen123!
tool_generator_000017,JMeterGen123!
tool_generator_000018,JMeterGen123!
tool_generator_000019,JMeterGen123!
tool_generator_000020,JMeterGen123!
tool_generator_000021,JMeterGen123!
tool_generator_000022,JMeterGen123!
tool_generator_000023,JMeterGen123!
tool_generator_000024,JMeterGen123!
tool_generator_000025,JMeterGen123!
tool_generator_000026,JMeterGen123!
tool_generator_000027,JMeterGen123!
tool_generator_000028,JMeterGen123!
tool_generator_000029,JMeterGen123!
tool_generator_000030,JMeterGen123!
tool_generator_000031,JMeterGen123!
tool_generator_000032,JMeterGen123!
tool_generator_000033,JMeterGen123!
tool_generator_000034,JMeterGen123!
tool_generator_000035,JMeterGen123!
tool_generator_000036,JMeterGen123!
tool_generator_000037,JMeterGen123!
tool_generator_000038,JMeterGen123!
tool_generator_000039,JMeterGen123!
tool_generator_000040,JMeterGen123!
tool_generator_000041,JMeterGen123!
tool_generator_000042,JMeterGen123!
tool_generator_000043,JMeterGen123!
tool_generator_000044,JMeterGen123!
tool_generator_000045,JMeterGen123!
tool_generator_000046,JMeterGen123!
tool_generator_000047,JMeterGen123!
tool_generator_000048,JMeterGen123!
tool_generator_000049,JMeterGen123!
tool_generator_000050,JMeterGen123!
tool_generator_000051,JMeterGen123!
tool_generator_000052,JMeterGen123!
tool_generator_000053,JMeterGen123!
tool_generator_000054,JMeterGen123!
tool_generator_000055,JMeterGen123!
tool_generator_000056,JMeterGen123!
tool_generator_000057,JMeterGen123!
tool_generator_000058,JMeterGen123!
tool_generator_000059,JMeterGen123!
tool_generator_000060,JMeterGen123!
tool_generator_000061,JMeterGen123!
tool_generator_000062,JMeterGen123!
tool_generator_000063,JMeterGen123!
tool_generator_000064,JMeterGen123!
tool_generator_000065,JMeterGen123!
tool_generator_000066,JMeterGen123!
tool_generator_000067,JMeterGen123!
tool_generator_000068,JMeterGen123!
tool_generator_000069,JMeterGen123!
tool_generator_000070,JMeterGen123!
tool_generator_000071,JMeterGen123!
tool_generator_000072,JMeterGen123!
tool_generator_000073,JMeterGen123!
tool_generator_000074,JMeterGen123!
tool_generator_000075,JMeterGen123!
tool_generator_000076,JMeterGen123!
tool_generator_000077,JMeterGen123!
tool_generator_000078,JMeterGen123!
tool_generator_000079,JMeterGen123!
tool_generator_000080,JMeterGen123!
tool_generator_000081,JMeterGen123!
tool_generator_000082,JMeterGen123!
tool_generator_000083,JMeterGen123!
tool_generator_000084,JMeterGen123!
tool_generator_000085,JMeterGen123!
tool_generator_000086,JMeterGen123!
tool_generator_000087,JMeterGen123!
tool_generator_000088,JMeterGen123!
tool_generator_000089,JMeterGen123!
tool_generator_000090,JMeterGen123!
tool_generator_000091,JMeterGen123!
tool_generator_000092,JMeterGen123!
tool_generator_000093,JMeterGen123!
tool_generator_000094,JMeterGen123!
tool_generator_000095,JMeterGen123!
tool_generator_000096,JMeterGen123!
tool_generator_000097,JMeterGen123!
tool_generator_000098,JMeterGen123!
tool_generator_000099,JMeterGen123!